kind,routeKey,floor,geometryId,pointsBefore,pointsAfter,pointsRemoved,turnsBefore,turnsAfter,turnsRemoved,routeLengthBefore,routeLengthAfter,clearanceBefore,clearanceAfter
floorNav,中药房|||S1|||fromElevator,1楼,G0001,21,11,10,4,4,0,47.595923,47.595923,20.375,20.375
floorNav,中药房|||S1|||toElevator,1楼,G0001,21,11,10,4,4,0,47.595923,47.595923,20.375,20.375
floorNav,中药房|||S2|||fromElevator,1楼,G0002,8,5,3,1,1,0,21.248182,21.248182,20.984,20.984
floorNav,中药房|||S2|||toElevator,1楼,G0002,8,5,3,1,1,0,21.248182,21.248182,20.984,20.984
floorNav,中药房|||S6|||fromElevator,1楼,G0006,23,9,14,0,0,0,46.377392,46.377392,20.375,20.375
floorNav,中药房|||S6|||toElevator,1楼,G0006,23,9,14,0,0,0,46.377392,46.377392,20.375,20.375
floorNav,儿科门诊|||S2|||fromElevator,1楼,G0008,26,11,15,3,3,0,56.031079,56.031079,20.375,20.375
floorNav,儿科门诊|||S2|||toElevator,1楼,G0008,26,11,15,3,3,0,56.031079,56.031079,20.375,20.375
floorNav,儿科门诊|||S3|||fromElevator,1楼,G0009,21,9,12,2,2,0,56.108116,56.108116,20.397,20.397
floorNav,儿科门诊|||S3|||toElevator,1楼,G0009,21,9,12,2,2,0,56.108116,56.108116,20.397,20.397
floorNav,儿科门诊|||S5|||fromElevator,1楼,G0011,31,7,24,2,2,0,34.012456,34.012456,21.0,21.0
floorNav,儿科门诊|||S5|||toElevator,1楼,G0011,31,7,24,2,2,0,34.012456,34.012456,21.0,21.0
floorNav,儿科门诊|||S6|||fromElevator,1楼,G0012,18,8,10,2,2,0,28.973106,28.973106,20.197,20.197
floorNav,儿科门诊|||S6|||toElevator,1楼,G0012,18,8,10,2,2,0,28.973106,28.973106,20.197,20.197
floorNav,大伤门诊|||S1|||fromElevator,1楼,G0013,14,8,6,1,1,0,61.211025,61.211025,20.375,20.375
floorNav,大伤门诊|||S1|||toElevator,1楼,G0013,14,8,6,1,1,0,61.211025,61.211025,20.375,20.375
floorNav,大伤门诊|||S2|||fromElevator,1楼,G0014,7,6,1,2,2,0,43.035595,43.035595,20.984,20.984
floorNav,大伤门诊|||S2|||toElevator,1楼,G0014,7,6,1,2,2,0,43.035595,43.035595,20.984,20.984
floorNav,大伤门诊|||S4|||fromElevator,1楼,G0016,26,17,9,1,1,0,37.656611,37.656611,20.375,20.375
floorNav,大伤门诊|||S4|||toElevator,1楼,G0016,26,17,9,1,1,0,37.656611,37.656611,20.375,20.375
floorNav,急诊科|||S1|||fromElevator,1楼,G0019,27,9,18,1,1,0,44.025068,44.025068,20.197,20.197
floorNav,急诊科|||S1|||toElevator,1楼,G0019,27,9,18,1,1,0,44.025068,44.025068,20.197,20.197
floorNav,急诊科|||S2|||fromElevator,1楼,G0020,8,7,1,2,2,0,25.896235,25.896235,20.197,20.197
floorNav,急诊科|||S2|||toElevator,1楼,G0020,8,7,1,2,2,0,25.896235,25.896235,20.197,20.197
floorNav,急诊科|||S4|||fromElevator,1楼,G0022,19,7,12,2,2,0,34.830247,34.830247,20.197,20.197
floorNav,急诊科|||S4|||toElevator,1楼,G0022,19,7,12,2,2,0,34.830247,34.830247,20.197,20.197
floorNav,急诊科|||S5|||fromElevator,1楼,G0023,25,7,18,1,1,0,36.048854,36.048854,20.197,20.197
floorNav,急诊科|||S5|||toElevator,1楼,G0023,25,7,18,1,1,0,36.048854,36.048854,20.197,20.197
floorNav,挂号缴费|||S1|||fromElevator,1楼,G0025,21,13,8,4,4,0,64.300769,64.300769,20.375,20.375
floorNav,挂号缴费|||S1|||toElevator,1楼,G0025,21,13,8,4,4,0,64.300769,64.300769,20.375,20.375
floorNav,挂号缴费|||S2|||fromElevator,1楼,G0026,11,8,3,0,0,0,38.010132,38.010132,20.378,20.378
floorNav,挂号缴费|||S2|||toElevator,1楼,G0026,11,8,3,0,0,0,38.010132,38.010132,20.378,20.378
floorNav,挂号缴费|||S5|||fromElevator,1楼,G0029,26,6,20,1,1,0,16.057321,16.057321,20.378,20.378
floorNav,挂号缴费|||S5|||toElevator,1楼,G0029,26,6,20,1,1,0,16.057321,16.057321,20.378,20.378
floorNav,挂号缴费|||S6|||fromElevator,1楼,G0030,16,5,11,1,1,0,25.953913,25.953913,20.197,20.197
floorNav,挂号缴费|||S6|||toElevator,1楼,G0030,16,5,11,1,1,0,25.953913,25.953913,20.197,20.197
floorNav,放射科|||S1|||fromElevator,1楼,G0031,25,14,11,3,3,0,38.672807,38.672807,20.375,20.375
floorNav,放射科|||S1|||toElevator,1楼,G0031,25,14,11,3,3,0,38.672807,38.672807,20.375,20.375
floorNav,放射科|||S3|||fromElevator,1楼,G0033,19,9,10,2,2,0,13.205665,13.205665,20.394,20.394
floorNav,放射科|||S3|||toElevator,1楼,G0033,19,9,10,2,2,0,13.205665,13.205665,20.394,20.394
floorNav,消控室|||S1|||fromElevator,1楼,G0037,13,10,3,4,4,0,26.337359,26.337359,20.197,20.197
floorNav,消控室|||S1|||toElevator,1楼,G0037,13,10,3,4,4,0,26.337359,26.337359,20.197,20.197
floorNav,消控室|||S2|||fromElevator,1楼,G0038,13,12,1,0,0,0,41.002909,41.002909,20.772,20.772
floorNav,消控室|||S2|||toElevator,1楼,G0038,13,12,1,0,0,0,41.002909,41.002909,20.772,20.772
floorNav,消控室|||S3|||fromElevator,1楼,G0039,19,14,5,1,1,0,40.684793,40.684793,20.772,20.772
floorNav,消控室|||S3|||toElevator,1楼,G0039,19,14,5,1,1,0,40.684793,40.684793,20.772,20.772
floorNav,消控室|||S4|||fromElevator,1楼,G0040,13,11,2,2,2,0,51.907727,51.907727,20.197,20.197
floorNav,消控室|||S4|||toElevator,1楼,G0040,13,11,2,2,2,0,51.907727,51.907727,20.197,20.197
floorNav,消控室|||S5|||fromElevator,1楼,G0041,13,11,2,1,1,0,53.106103,53.106103,20.197,20.197
floorNav,消控室|||S5|||toElevator,1楼,G0041,13,11,2,1,1,0,53.106103,53.106103,20.197,20.197
floorNav,消控室|||S6|||fromElevator,1楼,G0042,27,25,2,1,1,0,91.637363,91.637363,20.197,20.197
floorNav,消控室|||S6|||toElevator,1楼,G0042,27,25,2,1,1,0,91.637363,91.637363,20.197,20.197
floorNav,西药房|||S1|||fromElevator,1楼,G0001,21,11,10,4,4,0,47.595923,47.595923,20.375,20.375
floorNav,西药房|||S1|||toElevator,1楼,G0001,21,11,10,4,4,0,47.595923,47.595923,20.375,20.375
floorNav,西药房|||S2|||fromElevator,1楼,G0002,8,5,3,1,1,0,21.248182,21.248182,20.984,20.984
floorNav,西药房|||S2|||toElevator,1楼,G0002,8,5,3,1,1,0,21.248182,21.248182,20.984,20.984
floorNav,西药房|||S6|||fromElevator,1楼,G0006,23,9,14,0,0,0,46.377392,46.377392,20.375,20.375
floorNav,西药房|||S6|||toElevator,1楼,G0006,23,9,14,0,0,0,46.377392,46.377392,20.375,20.375
floorNav,输液室|||S2|||fromElevator,1楼,G0044,7,6,1,1,1,0,28.515669,28.515669,20.197,20.197
floorNav,输液室|||S2|||toElevator,1楼,G0044,7,6,1,1,1,0,28.515669,28.515669,20.197,20.197
floorNav,输液室|||S4|||fromElevator,1楼,G0046,16,5,11,1,1,0,15.691686,15.691686,20.772,20.772
floorNav,输液室|||S4|||toElevator,1楼,G0046,16,5,11,1,1,0,15.691686,15.691686,20.772,20.772
sameFloor,中药房|||儿科门诊,1楼,G0049,25,8,17,1,1,0,41.555153,41.555153,20.772,20.772
sameFloor,中药房|||大伤门诊,1楼,G0050,10,9,1,1,1,0,46.154669,46.154669,20.591,20.591
sameFloor,中药房|||挂号缴费,1楼,G0052,42,7,35,0,0,0,23.600017,23.600017,20.378,20.378
sameFloor,中药房|||消控室,1楼,G0054,12,11,1,1,1,0,51.842001,51.842001,20.197,20.197
sameFloor,儿科门诊|||中药房,1楼,G0049,25,8,17,1,1,0,41.555153,41.555153,20.772,20.772
sameFloor,儿科门诊|||挂号缴费,1楼,G0059,28,4,24,1,1,0,22.081602,22.081602,20.197,20.197
sameFloor,儿科门诊|||放射科,1楼,G0060,22,10,12,5,5,0,59.050752,59.050752,20.397,20.397
sameFloor,儿科门诊|||消控室,1楼,G0061,28,16,12,3,3,0,87.243351,87.243351,20.375,20.375
sameFloor,儿科门诊|||西药房,1楼,G0049,25,8,17,1,1,0,41.555153,41.555153,20.772,20.772
sameFloor,大伤门诊|||中药房,1楼,G0050,10,9,1,1,1,0,46.154669,46.154669,20.591,20.591
sameFloor,大伤门诊|||西药房,1楼,G0050,10,9,1,1,1,0,46.154669,46.154669,20.591,20.591
sameFloor,急诊科|||挂号缴费,1楼,G0068,20,8,12,2,2,0,51.375146,51.375146,20.197,20.197
sameFloor,急诊科|||消控室,1楼,G0070,18,7,11,2,2,0,62.596118,62.596118,20.375,20.375
sameFloor,急诊科|||输液室,1楼,G0071,29,7,22,2,2,0,37.039136,37.039136,20.197,20.197
sameFloor,挂号缴费|||中药房,1楼,G0052,42,7,35,0,0,0,23.600017,23.600017,20.378,20.378
sameFloor,挂号缴费|||儿科门诊,1楼,G0059,28,4,24,1,1,0,22.081602,22.081602,20.197,20.197
sameFloor,挂号缴费|||急诊科,1楼,G0068,20,8,12,2,2,0,51.375146,51.375146,20.197,20.197
sameFloor,挂号缴费|||消控室,1楼,G0073,15,14,1,1,1,0,69.104422,69.104422,20.197,20.197
sameFloor,挂号缴费|||西药房,1楼,G0052,42,7,35,0,0,0,23.600017,23.600017,20.378,20.378
sameFloor,放射科|||儿科门诊,1楼,G0060,22,10,12,5,5,0,59.050752,59.050752,20.397,20.397
sameFloor,放射科|||消控室,1楼,G0075,20,12,8,0,0,0,28.106763,28.106763,20.197,20.197
sameFloor,消控室|||中药房,1楼,G0054,12,11,1,1,1,0,51.842001,51.842001,20.197,20.197
sameFloor,消控室|||儿科门诊,1楼,G0061,28,16,12,3,3,0,87.243351,87.243351,20.375,20.375
sameFloor,消控室|||急诊科,1楼,G0070,18,7,11,2,2,0,62.596118,62.596118,20.375,20.375
sameFloor,消控室|||挂号缴费,1楼,G0073,15,14,1,1,1,0,69.104422,69.104422,20.197,20.197
sameFloor,消控室|||放射科,1楼,G0075,20,12,8,0,0,0,28.106763,28.106763,20.197,20.197
sameFloor,消控室|||西药房,1楼,G0054,12,11,1,1,1,0,51.842001,51.842001,20.197,20.197
sameFloor,消控室|||输液室,1楼,G0077,10,9,1,0,0,0,60.479725,60.479725,20.197,20.197
sameFloor,西药房|||儿科门诊,1楼,G0049,25,8,17,1,1,0,41.555153,41.555153,20.772,20.772
sameFloor,西药房|||大伤门诊,1楼,G0050,10,9,1,1,1,0,46.154669,46.154669,20.591,20.591
sameFloor,西药房|||挂号缴费,1楼,G0052,42,7,35,0,0,0,23.600017,23.600017,20.378,20.378
sameFloor,西药房|||消控室,1楼,G0054,12,11,1,1,1,0,51.842001,51.842001,20.197,20.197
sameFloor,输液室|||急诊科,1楼,G0071,29,7,22,2,2,0,37.039136,37.039136,20.197,20.197
sameFloor,输液室|||消控室,1楼,G0077,10,9,1,0,0,0,60.479725,60.479725,20.197,20.197
floorNav,伤口门诊|||S6|||fromElevator,2楼,G0089,16,4,12,0,0,0,27.157181,27.157181,20.984,20.984
floorNav,伤口门诊|||S6|||toElevator,2楼,G0089,16,4,12,0,0,0,27.157181,27.157181,20.984,20.984
floorNav,内科门诊|||S2|||fromElevator,2楼,G0091,29,7,22,2,2,0,46.711844,46.711844,20.375,20.375
floorNav,内科门诊|||S2|||toElevator,2楼,G0091,29,7,22,2,2,0,46.711844,46.711844,20.375,20.375
floorNav,内科门诊|||S3|||fromElevator,2楼,G0092,31,7,24,2,2,0,45.287045,45.287045,20.394,20.394
floorNav,内科门诊|||S3|||toElevator,2楼,G0092,31,7,24,2,2,0,45.287045,45.287045,20.394,20.394
floorNav,内科门诊|||S6|||fromElevator,2楼,G0095,12,11,1,1,1,0,48.584304,48.584304,21.0,21.0
floorNav,内科门诊|||S6|||toElevator,2楼,G0095,12,11,1,1,1,0,48.584304,48.584304,21.0,21.0
floorNav,外科门诊|||S4|||fromElevator,2楼,G0099,7,5,2,0,0,0,27.659265,27.659265,20.378,20.378
floorNav,外科门诊|||S4|||toElevator,2楼,G0099,7,5,2,0,0,0,27.659265,27.659265,20.378,20.378
floorNav,外科门诊|||S5|||fromElevator,2楼,G0100,7,5,2,0,0,0,28.427272,28.427272,20.591,20.591
floorNav,外科门诊|||S5|||toElevator,2楼,G0100,7,5,2,0,0,0,28.427272,28.427272,20.591,20.591
floorNav,外科门诊|||S6|||fromElevator,2楼,G0101,16,5,11,0,0,0,36.68086,36.68086,21.0,21.0
floorNav,外科门诊|||S6|||toElevator,2楼,G0101,16,5,11,0,0,0,36.68086,36.68086,21.0,21.0
floorNav,多功能科|||S1|||fromElevator,2楼,G0102,8,5,3,1,1,0,16.171146,16.171146,20.375,20.375
floorNav,多功能科|||S1|||toElevator,2楼,G0102,8,5,3,1,1,0,16.171146,16.171146,20.375,20.375
floorNav,多功能科|||S4|||fromElevator,2楼,G0105,37,9,28,3,3,0,51.56718,51.56718,20.375,20.375
floorNav,多功能科|||S4|||toElevator,2楼,G0105,37,9,28,3,3,0,51.56718,51.56718,20.375,20.375
floorNav,多功能科|||S5|||fromElevator,2楼,G0106,39,10,29,2,2,0,53.074474,53.074474,20.197,20.197
floorNav,多功能科|||S5|||toElevator,2楼,G0106,39,10,29,2,2,0,53.074474,53.074474,20.197,20.197
floorNav,多功能科|||S6|||fromElevator,2楼,G0107,27,14,13,2,2,0,91.544581,91.544581,20.375,20.375
floorNav,多功能科|||S6|||toElevator,2楼,G0107,27,14,13,2,2,0,91.544581,91.544581,20.375,20.375
floorNav,妇科门诊|||S6|||fromElevator,2楼,G0113,19,8,11,0,0,0,30.697604,30.697604,20.375,20.375
floorNav,妇科门诊|||S6|||toElevator,2楼,G0113,19,8,11,0,0,0,30.697604,30.697604,20.375,20.375
floorNav,急诊科办公区|||S4|||fromElevator,2楼,G0117,32,11,21,2,2,0,33.315049,33.315049,20.375,20.375
floorNav,急诊科办公区|||S4|||toElevator,2楼,G0117,32,11,21,2,2,0,33.315049,33.315049,20.375,20.375
floorNav,急诊科办公区|||S5|||fromElevator,2楼,G0118,29,9,20,2,2,0,34.768535,34.768535,20.772,20.772
floorNav,急诊科办公区|||S5|||toElevator,2楼,G0118,29,9,20,2,2,0,34.768535,34.768535,20.772,20.772
floorNav,急诊科办公区|||S6|||fromElevator,2楼,G0119,20,16,4,1,1,0,73.316351,73.316351,20.375,20.375
floorNav,急诊科办公区|||S6|||toElevator,2楼,G0119,20,16,4,1,1,0,73.316351,73.316351,20.375,20.375
floorNav,检验科|||S4|||fromElevator,2楼,G0123,32,11,21,2,2,0,31.021992,31.021992,20.375,20.375
floorNav,检验科|||S4|||toElevator,2楼,G0123,32,11,21,2,2,0,31.021992,31.021992,20.375,20.375
floorNav,检验科|||S5|||fromElevator,2楼,G0124,29,9,20,2,2,0,32.475477,32.475477,21.0,21.0
floorNav,检验科|||S5|||toElevator,2楼,G0124,29,9,20,2,2,0,32.475477,32.475477,21.0,21.0
floorNav,检验科|||S6|||fromElevator,2楼,G0125,19,15,4,1,1,0,71.008198,71.008198,20.375,20.375
floorNav,检验科|||S6|||toElevator,2楼,G0125,19,15,4,1,1,0,71.008198,71.008198,20.375,20.375
floorNav,计算机机房|||S4|||fromElevator,2楼,G0129,31,10,21,2,2,0,31.986968,31.986968,20.375,20.375
floorNav,计算机机房|||S4|||toElevator,2楼,G0129,31,10,21,2,2,0,31.986968,31.986968,20.375,20.375
floorNav,计算机机房|||S5|||fromElevator,2楼,G0130,28,8,20,2,2,0,33.440453,33.440453,20.772,20.772
floorNav,计算机机房|||S5|||toElevator,2楼,G0130,28,8,20,2,2,0,33.440453,33.440453,20.772,20.772
floorNav,计算机机房|||S6|||fromElevator,2楼,G0131,19,15,4,1,1,0,71.988269,71.988269,20.375,20.375
floorNav,计算机机房|||S6|||toElevator,2楼,G0131,19,15,4,1,1,0,71.988269,71.988269,20.375,20.375
floorNav,超声医学科|||S4|||fromElevator,2楼,G0135,38,11,27,2,2,0,32.180664,32.180664,20.375,20.375
floorNav,超声医学科|||S4|||toElevator,2楼,G0135,38,11,27,2,2,0,32.180664,32.180664,20.375,20.375
floorNav,超声医学科|||S5|||fromElevator,2楼,G0136,38,9,29,2,2,0,33.633893,33.633893,20.375,20.375
floorNav,超声医学科|||S5|||toElevator,2楼,G0136,38,9,29,2,2,0,33.633893,33.633893,20.375,20.375
floorNav,超声医学科|||S6|||fromElevator,2楼,G0137,28,16,12,1,1,0,72.158064,72.158064,20.375,20.375
floorNav,超声医学科|||S6|||toElevator,2楼,G0137,28,16,12,1,1,0,72.158064,72.158064,20.375,20.375
sameFloor,中医馆|||多功能科,2楼,G0141,24,13,11,2,2,0,84.765272,84.765272,20.575,20.575
sameFloor,中医馆|||超声医学科,2楼,G0146,23,12,11,3,3,0,64.785258,64.785258,20.575,20.575
sameFloor,伤口门诊|||多功能科,2楼,G0149,19,12,7,2,2,0,74.288457,74.288457,20.197,20.197
sameFloor,伤口门诊|||超声医学科,2楼,G0154,18,11,7,2,2,0,54.847877,54.847877,20.375,20.375
sameFloor,内科门诊|||急诊科办公区,2楼,G0158,27,7,20,2,2,0,46.810552,46.810552,20.394,20.394
sameFloor,内科门诊|||检验科,2楼,G0159,27,7,20,2,2,0,44.496939,44.496939,20.394,20.394
sameFloor,内科门诊|||计算机机房,2楼,G0160,27,7,20,2,2,0,45.493323,45.493323,20.375,20.375
sameFloor,内科门诊|||超声医学科,2楼,G0161,19,9,10,2,2,0,47.250355,47.250355,20.375,20.375
sameFloor,外科门诊|||多功能科,2楼,G0162,19,9,10,0,0,0,65.070663,65.070663,20.197,20.197
sameFloor,外科门诊|||超声医学科,2楼,G0167,18,8,10,0,0,0,45.630083,45.630083,20.375,20.375
sameFloor,多功能科|||中医馆,2楼,G0141,24,13,11,2,2,0,84.765272,84.765272,20.575,20.575
sameFloor,多功能科|||伤口门诊,2楼,G0149,19,12,7,2,2,0,74.288457,74.288457,20.197,20.197
sameFloor,多功能科|||外科门诊,2楼,G0162,19,9,10,0,0,0,65.070663,65.070663,20.197,20.197
sameFloor,多功能科|||超声医学科,2楼,G0172,29,8,21,1,1,0,29.802665,29.802665,20.197,20.197
sameFloor,妇科门诊|||超声医学科,2楼,G0176,14,8,6,2,2,0,46.039977,46.039977,20.375,20.375
sameFloor,急诊科办公区|||内科门诊,2楼,G0158,27,7,20,2,2,0,46.810552,46.810552,20.394,20.394
sameFloor,检验科|||内科门诊,2楼,G0159,27,7,20,2,2,0,44.496939,44.496939,20.394,20.394
sameFloor,计算机机房|||内科门诊,2楼,G0160,27,7,20,2,2,0,45.493323,45.493323,20.375,20.375
sameFloor,超声医学科|||中医馆,2楼,G0146,23,12,11,3,3,0,64.785258,64.785258,20.575,20.575
sameFloor,超声医学科|||伤口门诊,2楼,G0154,18,11,7,2,2,0,54.847877,54.847877,20.375,20.375
sameFloor,超声医学科|||内科门诊,2楼,G0161,19,9,10,2,2,0,47.250355,47.250355,20.375,20.375
sameFloor,超声医学科|||外科门诊,2楼,G0167,18,8,10,0,0,0,45.630083,45.630083,20.375,20.375
sameFloor,超声医学科|||多功能科,2楼,G0172,29,8,21,1,1,0,29.802665,29.802665,20.197,20.197
sameFloor,超声医学科|||妇科门诊,2楼,G0176,14,8,6,2,2,0,46.039977,46.039977,20.375,20.375
floorNav,产科门诊|||S3|||fromElevator,3楼,G0185,28,8,20,2,2,0,33.914609,33.914609,20.378,20.378
floorNav,产科门诊|||S3|||toElevator,3楼,G0185,28,8,20,2,2,0,33.914609,33.914609,20.378,20.378
floorNav,产科门诊|||S6|||fromElevator,3楼,G0188,27,10,17,2,2,0,23.438442,23.438442,20.378,20.378
floorNav,产科门诊|||S6|||toElevator,3楼,G0188,27,10,17,2,2,0,23.438442,23.438442,20.378,20.378
floorNav,产科门诊|||S7|||fromElevator,3楼,G0189,26,14,12,1,1,0,47.673451,47.673451,20.378,20.378
floorNav,产科门诊|||S7|||toElevator,3楼,G0189,26,14,12,1,1,0,47.673451,47.673451,20.378,20.378
floorNav,内镜诊疗中心|||S6|||fromElevator,3楼,G0195,22,18,4,2,2,0,54.123314,54.123314,20.375,20.375
floorNav,内镜诊疗中心|||S6|||toElevator,3楼,G0195,22,18,4,2,2,0,54.123314,54.123314,20.375,20.375
floorNav,内镜诊疗中心|||S7|||fromElevator,3楼,G0196,28,21,7,2,2,0,78.3826,78.3826,20.375,20.375
floorNav,内镜诊疗中心|||S7|||toElevator,3楼,G0196,28,21,7,2,2,0,78.3826,78.3826,20.375,20.375
floorNav,口腔科门诊|||S3|||fromElevator,3楼,G0199,26,6,20,0,0,0,13.040701,13.040701,20.575,20.575
floorNav,口腔科门诊|||S3|||toElevator,3楼,G0199,26,6,20,0,0,0,13.040701,13.040701,20.575,20.575
floorNav,口腔科门诊|||S4|||fromElevator,3楼,G0200,26,11,15,3,3,0,24.844193,24.844193,20.197,20.197
floorNav,口腔科门诊|||S4|||toElevator,3楼,G0200,26,11,15,3,3,0,24.844193,24.844193,20.197,20.197
floorNav,口腔科门诊|||S5|||fromElevator,3楼,G0201,26,10,16,3,3,0,25.782422,25.782422,20.375,20.375
floorNav,口腔科门诊|||S5|||toElevator,3楼,G0201,26,10,16,3,3,0,25.782422,25.782422,20.375,20.375
floorNav,口腔科门诊|||S6|||fromElevator,3楼,G0202,26,19,7,4,4,0,54.637935,54.637935,20.375,20.375
floorNav,口腔科门诊|||S6|||toElevator,3楼,G0202,26,19,7,4,4,0,54.637935,54.637935,20.375,20.375
floorNav,口腔科门诊|||S7|||fromElevator,3楼,G0203,31,22,9,4,4,0,78.899594,78.899594,20.375,20.375
floorNav,口腔科门诊|||S7|||toElevator,3楼,G0203,31,22,9,4,4,0,78.899594,78.899594,20.375,20.375
floorNav,泌尿科门诊|||S1|||fromElevator,3楼,G0204,9,8,1,0,0,0,54.675324,54.675324,20.591,20.591
floorNav,泌尿科门诊|||S1|||toElevator,3楼,G0204,9,8,1,0,0,0,54.675324,54.675324,20.591,20.591
floorNav,泌尿科门诊|||S2|||fromElevator,3楼,G0205,14,11,3,0,0,0,40.774252,40.774252,20.197,20.197
floorNav,泌尿科门诊|||S2|||toElevator,3楼,G0205,14,11,3,0,0,0,40.774252,40.774252,20.197,20.197
floorNav,泌尿科门诊|||S3|||fromElevator,3楼,G0206,28,13,15,1,1,0,39.994147,39.994147,20.197,20.197
floorNav,泌尿科门诊|||S3|||toElevator,3楼,G0206,28,13,15,1,1,0,39.994147,39.994147,20.197,20.197
floorNav,泌尿科门诊|||S5|||fromElevator,3楼,G0208,10,8,2,1,1,0,21.621783,21.621783,20.575,20.575
floorNav,泌尿科门诊|||S5|||toElevator,3楼,G0208,10,8,2,1,1,0,21.621783,21.621783,20.575,20.575
floorNav,泌尿科门诊|||S7|||fromElevator,3楼,G0210,22,12,10,1,1,0,42.161835,42.161835,20.978,20.978
floorNav,泌尿科门诊|||S7|||toElevator,3楼,G0210,22,12,10,1,1,0,42.161835,42.161835,20.978,20.978
floorNav,皮肤科门诊|||S1|||fromElevator,3楼,G0211,18,13,5,1,1,0,61.728189,61.728189,20.375,20.375
floorNav,皮肤科门诊|||S1|||toElevator,3楼,G0211,18,13,5,1,1,0,61.728189,61.728189,20.375,20.375
floorNav,皮肤科门诊|||S2|||fromElevator,3楼,G0212,23,17,6,1,1,0,47.880565,47.880565,20.375,20.375
floorNav,皮肤科门诊|||S2|||toElevator,3楼,G0212,23,17,6,1,1,0,47.880565,47.880565,20.375,20.375
floorNav,皮肤科门诊|||S3|||fromElevator,3楼,G0213,25,16,9,3,3,0,47.038715,47.038715,20.375,20.375
floorNav,皮肤科门诊|||S3|||toElevator,3楼,G0213,25,16,9,3,3,0,47.038715,47.038715,20.375,20.375
floorNav,眼科门诊|||S2|||fromElevator,3楼,G0219,17,5,12,1,1,0,18.422674,18.422674,20.984,20.984
floorNav,眼科门诊|||S2|||toElevator,3楼,G0219,17,5,12,1,1,0,18.422674,18.422674,20.984,20.984
floorNav,眼科门诊|||S4|||fromElevator,3楼,G0221,30,9,21,2,2,0,37.657511,37.657511,20.197,20.197
floorNav,眼科门诊|||S4|||toElevator,3楼,G0221,30,9,21,2,2,0,37.657511,37.657511,20.197,20.197
floorNav,眼科门诊|||S5|||fromElevator,3楼,G0222,29,8,21,2,2,0,38.601664,38.601664,20.394,20.394
floorNav,眼科门诊|||S5|||toElevator,3楼,G0222,29,8,21,2,2,0,38.601664,38.601664,20.394,20.394
floorNav,眼科门诊|||S6|||fromElevator,3楼,G0223,31,18,13,2,2,0,67.445192,67.445192,20.375,20.375
floorNav,眼科门诊|||S6|||toElevator,3楼,G0223,31,18,13,2,2,0,67.445192,67.445192,20.375,20.375
floorNav,眼科门诊|||S7|||fromElevator,3楼,G0224,36,21,15,2,2,0,91.704478,91.704478,20.375,20.375
floorNav,眼科门诊|||S7|||toElevator,3楼,G0224,36,21,15,2,2,0,91.704478,91.704478,20.375,20.375
floorNav,碎石室|||S1|||fromElevator,3楼,G0225,9,8,1,2,2,0,52.667066,52.667066,20.375,20.375
floorNav,碎石室|||S1|||toElevator,3楼,G0225,9,8,1,2,2,0,52.667066,52.667066,20.375,20.375
floorNav,碎石室|||S2|||fromElevator,3楼,G0226,14,11,3,2,2,0,38.765995,38.765995,20.197,20.197
floorNav,碎石室|||S2|||toElevator,3楼,G0226,14,11,3,2,2,0,38.765995,38.765995,20.197,20.197
floorNav,碎石室|||S3|||fromElevator,3楼,G0227,27,13,14,3,3,0,37.966031,37.966031,20.197,20.197
floorNav,碎石室|||S3|||toElevator,3楼,G0227,27,13,14,3,3,0,37.966031,37.966031,20.197,20.197
floorNav,碎石室|||S4|||fromElevator,3楼,G0228,20,12,8,1,1,0,24.964455,24.964455,20.197,20.197
floorNav,碎石室|||S4|||toElevator,3楼,G0228,20,12,8,1,1,0,24.964455,24.964455,20.197,20.197
floorNav,碎石室|||S5|||fromElevator,3楼,G0229,22,10,12,1,1,0,25.791094,25.791094,20.575,20.575
floorNav,碎石室|||S5|||toElevator,3楼,G0229,22,10,12,1,1,0,25.791094,25.791094,20.575,20.575
floorNav,碎石室|||S6|||fromElevator,3楼,G0230,18,7,11,1,1,0,30.117753,30.117753,20.575,20.575
floorNav,碎石室|||S6|||toElevator,3楼,G0230,18,7,11,1,1,0,30.117753,30.117753,20.575,20.575
floorNav,耳鼻喉科门诊|||S2|||fromElevator,3楼,G0219,17,5,12,1,1,0,18.422674,18.422674,20.984,20.984
floorNav,耳鼻喉科门诊|||S2|||toElevator,3楼,G0219,17,5,12,1,1,0,18.422674,18.422674,20.984,20.984
floorNav,耳鼻喉科门诊|||S4|||fromElevator,3楼,G0221,30,9,21,2,2,0,37.657511,37.657511,20.197,20.197
floorNav,耳鼻喉科门诊|||S4|||toElevator,3楼,G0221,30,9,21,2,2,0,37.657511,37.657511,20.197,20.197
floorNav,耳鼻喉科门诊|||S5|||fromElevator,3楼,G0222,29,8,21,2,2,0,38.601664,38.601664,20.394,20.394
floorNav,耳鼻喉科门诊|||S5|||toElevator,3楼,G0222,29,8,21,2,2,0,38.601664,38.601664,20.394,20.394
floorNav,耳鼻喉科门诊|||S6|||fromElevator,3楼,G0223,31,18,13,2,2,0,67.445192,67.445192,20.375,20.375
floorNav,耳鼻喉科门诊|||S6|||toElevator,3楼,G0223,31,18,13,2,2,0,67.445192,67.445192,20.375,20.375
floorNav,耳鼻喉科门诊|||S7|||fromElevator,3楼,G0224,36,21,15,2,2,0,91.704478,91.704478,20.375,20.375
floorNav,耳鼻喉科门诊|||S7|||toElevator,3楼,G0224,36,21,15,2,2,0,91.704478,91.704478,20.375,20.375
floorNav,肛肠科门诊|||S1|||fromElevator,3楼,G0232,16,8,8,1,1,0,51.679613,51.679613,20.591,20.591
floorNav,肛肠科门诊|||S1|||toElevator,3楼,G0232,16,8,8,1,1,0,51.679613,51.679613,20.591,20.591
floorNav,肛肠科门诊|||S2|||fromElevator,3楼,G0233,21,11,10,1,1,0,37.778542,37.778542,20.197,20.197
floorNav,肛肠科门诊|||S2|||toElevator,3楼,G0233,21,11,10,1,1,0,37.778542,37.778542,20.197,20.197
floorNav,肛肠科门诊|||S3|||fromElevator,3楼,G0234,34,13,21,2,2,0,36.978578,36.978578,20.197,20.197
floorNav,肛肠科门诊|||S3|||toElevator,3楼,G0234,34,13,21,2,2,0,36.978578,36.978578,20.197,20.197
floorNav,肛肠科门诊|||S4|||fromElevator,3楼,G0235,19,13,6,0,0,0,23.948231,23.948231,20.197,20.197
floorNav,肛肠科门诊|||S4|||toElevator,3楼,G0235,19,13,6,0,0,0,23.948231,23.948231,20.197,20.197
floorNav,肛肠科门诊|||S5|||fromElevator,3楼,G0236,21,10,11,0,0,0,24.774869,24.774869,20.375,20.375
floorNav,肛肠科门诊|||S5|||toElevator,3楼,G0236,21,10,11,0,0,0,24.774869,24.774869,20.375,20.375
floorNav,肛肠科门诊|||S6|||fromElevator,3楼,G0237,19,7,12,1,1,0,23.186211,23.186211,20.575,20.575
floorNav,肛肠科门诊|||S6|||toElevator,3楼,G0237,19,7,12,1,1,0,23.186211,23.186211,20.575,20.575
floorNav,血液透析科|||S6|||fromElevator,3楼,G0244,22,18,4,2,2,0,53.636178,53.636178,20.375,20.375
floorNav,血液透析科|||S6|||toElevator,3楼,G0244,22,18,4,2,2,0,53.636178,53.636178,20.375,20.375
floorNav,血液透析科|||S7|||fromElevator,3楼,G0245,28,21,7,2,2,0,77.895464,77.895464,20.375,20.375
floorNav,血液透析科|||S7|||toElevator,3楼,G0245,28,21,7,2,2,0,77.895464,77.895464,20.375,20.375
sameFloor,产科门诊|||口腔科门诊,3楼,G0247,31,8,23,2,2,0,34.433674,34.433674,20.375,20.375
sameFloor,产科门诊|||眼科门诊,3楼,G0250,27,6,21,1,1,0,47.275077,47.275077,20.378,20.378
sameFloor,产科门诊|||耳鼻喉科门诊,3楼,G0250,27,6,21,1,1,0,47.275077,47.275077,20.378,20.378
sameFloor,内镜诊疗中心|||碎石室,3楼,G0258,14,12,2,3,3,0,37.999632,37.999632,20.375,20.375
sameFloor,内镜诊疗中心|||肛肠科门诊,3楼,G0259,13,12,1,1,1,0,36.989838,36.989838,20.375,20.375
sameFloor,口腔科门诊|||产科门诊,3楼,G0247,31,8,23,2,2,0,34.433674,34.433674,20.375,20.375
sameFloor,口腔科门诊|||泌尿科门诊,3楼,G0261,30,15,15,2,2,0,40.165218,40.165218,20.375,20.375
sameFloor,口腔科门诊|||皮肤科门诊,3楼,G0262,22,15,7,2,2,0,46.805358,46.805358,20.375,20.375
sameFloor,口腔科门诊|||眼科门诊,3楼,G0263,23,6,17,1,1,0,24.762152,24.762152,20.375,20.375
sameFloor,口腔科门诊|||碎石室,3楼,G0264,28,13,15,4,4,0,38.564709,38.564709,20.375,20.375
sameFloor,口腔科门诊|||耳鼻喉科门诊,3楼,G0263,23,6,17,1,1,0,24.762152,24.762152,20.375,20.375
sameFloor,口腔科门诊|||肛肠科门诊,3楼,G0265,27,13,14,2,2,0,37.554915,37.554915,20.375,20.375
sameFloor,泌尿科门诊|||口腔科门诊,3楼,G0261,30,15,15,2,2,0,40.165218,40.165218,20.375,20.375
sameFloor,泌尿科门诊|||眼科门诊,3楼,G0268,27,13,14,0,0,0,53.109319,53.109319,20.197,20.197
sameFloor,泌尿科门诊|||耳鼻喉科门诊,3楼,G0268,27,13,14,0,0,0,53.109319,53.109319,20.197,20.197
sameFloor,皮肤科门诊|||口腔科门诊,3楼,G0262,22,15,7,2,2,0,46.805358,46.805358,20.375,20.375
sameFloor,皮肤科门诊|||眼科门诊,3楼,G0272,26,13,13,1,1,0,59.552581,59.552581,20.375,20.375
sameFloor,皮肤科门诊|||耳鼻喉科门诊,3楼,G0272,26,13,13,1,1,0,59.552581,59.552581,20.375,20.375
sameFloor,眼科门诊|||产科门诊,3楼,G0250,27,6,21,1,1,0,47.275077,47.275077,20.378,20.378
sameFloor,眼科门诊|||口腔科门诊,3楼,G0263,23,6,17,1,1,0,24.762152,24.762152,20.375,20.375
sameFloor,眼科门诊|||泌尿科门诊,3楼,G0268,27,13,14,0,0,0,53.109319,53.109319,20.197,20.197
sameFloor,眼科门诊|||皮肤科门诊,3楼,G0272,26,13,13,1,1,0,59.552581,59.552581,20.375,20.375
sameFloor,眼科门诊|||碎石室,3楼,G0276,22,11,11,3,3,0,51.398282,51.398282,20.375,20.375
sameFloor,眼科门诊|||肛肠科门诊,3楼,G0278,27,13,14,0,0,0,50.399713,50.399713,20.197,20.197
sameFloor,碎石室|||内镜诊疗中心,3楼,G0258,14,12,2,3,3,0,37.999632,37.999632,20.375,20.375
sameFloor,碎石室|||口腔科门诊,3楼,G0264,28,13,15,4,4,0,38.564709,38.564709,20.375,20.375
sameFloor,碎石室|||眼科门诊,3楼,G0276,22,11,11,3,3,0,51.398282,51.398282,20.375,20.375
sameFloor,碎石室|||耳鼻喉科门诊,3楼,G0276,22,11,11,3,3,0,51.398282,51.398282,20.375,20.375
sameFloor,碎石室|||血液透析科,3楼,G0281,14,12,2,3,3,0,37.512496,37.512496,20.375,20.375
sameFloor,耳鼻喉科门诊|||产科门诊,3楼,G0250,27,6,21,1,1,0,47.275077,47.275077,20.378,20.378
sameFloor,耳鼻喉科门诊|||口腔科门诊,3楼,G0263,23,6,17,1,1,0,24.762152,24.762152,20.375,20.375
sameFloor,耳鼻喉科门诊|||泌尿科门诊,3楼,G0268,27,13,14,0,0,0,53.109319,53.109319,20.197,20.197
sameFloor,耳鼻喉科门诊|||皮肤科门诊,3楼,G0272,26,13,13,1,1,0,59.552581,59.552581,20.375,20.375
sameFloor,耳鼻喉科门诊|||碎石室,3楼,G0276,22,11,11,3,3,0,51.398282,51.398282,20.375,20.375
sameFloor,耳鼻喉科门诊|||肛肠科门诊,3楼,G0278,27,13,14,0,0,0,50.399713,50.399713,20.197,20.197
sameFloor,肛肠科门诊|||内镜诊疗中心,3楼,G0259,13,12,1,1,1,0,36.989838,36.989838,20.375,20.375
sameFloor,肛肠科门诊|||口腔科门诊,3楼,G0265,27,13,14,2,2,0,37.554915,37.554915,20.375,20.375
sameFloor,肛肠科门诊|||眼科门诊,3楼,G0278,27,13,14,0,0,0,50.399713,50.399713,20.197,20.197
sameFloor,肛肠科门诊|||耳鼻喉科门诊,3楼,G0278,27,13,14,0,0,0,50.399713,50.399713,20.197,20.197
sameFloor,肛肠科门诊|||血液透析科,3楼,G0282,13,12,1,1,1,0,36.502702,36.502702,20.375,20.375
sameFloor,血液透析科|||碎石室,3楼,G0281,14,12,2,3,3,0,37.512496,37.512496,20.375,20.375
sameFloor,血液透析科|||肛肠科门诊,3楼,G0282,13,12,1,1,1,0,36.502702,36.502702,20.375,20.375
floorNav,病理科|||S4|||fromElevator,4楼,G0287,49,7,42,2,2,0,36.076611,36.076611,20.984,20.984
floorNav,病理科|||S4|||toElevator,4楼,G0287,49,7,42,2,2,0,36.076611,36.076611,20.984,20.984
floorNav,病理科|||S5|||fromElevator,4楼,G0288,26,7,19,2,2,0,36.974959,36.974959,20.772,20.772
floorNav,病理科|||S5|||toElevator,4楼,G0288,26,7,19,2,2,0,36.974959,36.974959,20.772,20.772
floorNav,病理科|||S6|||fromElevator,4楼,G0289,26,12,14,1,1,0,70.008167,70.008167,20.375,20.375
floorNav,病理科|||S6|||toElevator,4楼,G0289,26,12,14,1,1,0,70.008167,70.008167,20.375,20.375
floorNav,病理科|||S7|||fromElevator,4楼,G0290,27,20,7,3,3,0,93.20682,93.20682,20.575,20.575
floorNav,病理科|||S7|||toElevator,4楼,G0290,27,20,7,3,3,0,93.20682,93.20682,20.575,20.575
floorNav,输血科|||S4|||fromElevator,4楼,G0294,57,9,48,2,2,0,21.257187,21.257187,20.394,20.394
floorNav,输血科|||S4|||toElevator,4楼,G0294,57,9,48,2,2,0,21.257187,21.257187,20.394,20.394
floorNav,输血科|||S5|||fromElevator,4楼,G0295,39,9,30,2,2,0,22.155535,22.155535,20.394,20.394
floorNav,输血科|||S5|||toElevator,4楼,G0295,39,9,30,2,2,0,22.155535,22.155535,20.394,20.394
floorNav,输血科|||S6|||fromElevator,4楼,G0296,31,12,19,2,2,0,55.482489,55.482489,20.375,20.375
floorNav,输血科|||S6|||toElevator,4楼,G0296,31,12,19,2,2,0,55.482489,55.482489,20.375,20.375
floorNav,输血科|||S7|||fromElevator,4楼,G0297,29,18,11,5,5,0,78.701835,78.701835,20.375,20.375
floorNav,输血科|||S7|||toElevator,4楼,G0297,29,18,11,5,5,0,78.701835,78.701835,20.375,20.375
floorNav,重症医学科|||S4|||fromElevator,4楼,G0287,49,7,42,2,2,0,36.076611,36.076611,20.984,20.984
floorNav,重症医学科|||S4|||toElevator,4楼,G0287,49,7,42,2,2,0,36.076611,36.076611,20.984,20.984
floorNav,重症医学科|||S5|||fromElevator,4楼,G0288,26,7,19,2,2,0,36.974959,36.974959,20.772,20.772
floorNav,重症医学科|||S5|||toElevator,4楼,G0288,26,7,19,2,2,0,36.974959,36.974959,20.772,20.772
floorNav,重症医学科|||S6|||fromElevator,4楼,G0289,26,12,14,1,1,0,70.008167,70.008167,20.375,20.375
floorNav,重症医学科|||S6|||toElevator,4楼,G0289,26,12,14,1,1,0,70.008167,70.008167,20.375,20.375
floorNav,重症医学科|||S7|||fromElevator,4楼,G0290,27,20,7,3,3,0,93.20682,93.20682,20.575,20.575
floorNav,重症医学科|||S7|||toElevator,4楼,G0290,27,20,7,3,3,0,93.20682,93.20682,20.575,20.575
floorNav,静脉用药调配中心|||S2|||fromElevator,5楼,G0301,21,6,15,1,1,0,38.72178,38.72178,20.397,20.397
floorNav,静脉用药调配中心|||S2|||toElevator,5楼,G0301,21,6,15,1,1,0,38.72178,38.72178,20.397,20.397
floorNav,静脉用药调配中心|||S3|||fromElevator,5楼,G0302,17,8,9,2,2,0,36.328954,36.328954,20.984,20.984
floorNav,静脉用药调配中心|||S3|||toElevator,5楼,G0302,17,8,9,2,2,0,36.328954,36.328954,20.984,20.984
floorNav,产房|||S1|||fromElevator,7楼,G0306,11,7,4,1,1,0,29.079457,29.079457,20.394,20.394
floorNav,产房|||S1|||toElevator,7楼,G0306,11,7,4,1,1,0,29.079457,29.079457,20.394,20.394
floorNav,妇产科病房|||S1|||fromElevator,7楼,G0306,11,7,4,1,1,0,29.079457,29.079457,20.394,20.394
floorNav,妇产科病房|||S1|||toElevator,7楼,G0306,11,7,4,1,1,0,29.079457,29.079457,20.394,20.394
